id,name,description,price
13,"product 1","Product 1  : Lorem ipsum dolor sit amet, consectetur adipiscing elit. Maecenas et maximus lorem. Phasellus a nisi convallis est ornare facilisis. Sed porttitor dolor tincidunt justo efficitur dapibus. Morbi vitae est eu libero eleifend ultrices. Aenean dignissim nunc non elit molestie fermentum. Cras pellentesque arcu nec enim consequat tempus. Ut imperdiet at libero ut tempor. Sed condimentum sed nunc non vulputate. Cras in sapien at lectus lacinia aliquet vel eu odio.",13
22,"product 10","Product 10  : Lorem ipsum dolor sit amet, consectetur adipiscing elit. Maecenas et maximus lorem. Phasellus a nisi convallis est ornare facilisis. Sed porttitor dolor tincidunt justo efficitur dapibus. Morbi vitae est eu libero eleifend ultrices. Aenean dignissim nunc non elit molestie fermentum. Cras pellentesque arcu nec enim consequat tempus. Ut imperdiet at libero ut tempor. Sed condimentum sed nunc non vulputate. Cras in sapien at lectus lacinia aliquet vel eu odio.",33
23,"product 11","Product 11  : Lorem ipsum dolor sit amet, consectetur adipiscing elit. Maecenas et maximus lorem. Phasellus a nisi convallis est ornare facilisis. Sed porttitor dolor tincidunt justo efficitur dapibus. Morbi vitae est eu libero eleifend ultrices. Aenean dignissim nunc non elit molestie fermentum. Cras pellentesque arcu nec enim consequat tempus. Ut imperdiet at libero ut tempor. Sed condimentum sed nunc non vulputate. Cras in sapien at lectus lacinia aliquet vel eu odio.",32
24,"product 12","Product 12  : Lorem ipsum dolor sit amet, consectetur adipiscing elit. Maecenas et maximus lorem. Phasellus a nisi convallis est ornare facilisis. Sed porttitor dolor tincidunt justo efficitur dapibus. Morbi vitae est eu libero eleifend ultrices. Aenean dignissim nunc non elit molestie fermentum. Cras pellentesque arcu nec enim consequat tempus. Ut imperdiet at libero ut tempor. Sed condimentum sed nunc non vulputate. Cras in sapien at lectus lacinia aliquet vel eu odio.",51
14,"product 2","Product 2  : Lorem ipsum dolor sit amet, consectetur adipiscing elit. Maecenas et maximus lorem. Phasellus a nisi convallis est ornare facilisis. Sed porttitor dolor tincidunt justo efficitur dapibus. Morbi vitae est eu libero eleifend ultrices. Aenean dignissim nunc non elit molestie fermentum. Cras pellentesque arcu nec enim consequat tempus. Ut imperdiet at libero ut tempor. Sed condimentum sed nunc non vulputate. Cras in sapien at lectus lacinia aliquet vel eu odio.",17
15,"product 3","Product 3  : Lorem ipsum dolor sit amet, consectetur adipiscing elit. Maecenas et maximus lorem. Phasellus a nisi convallis est ornare facilisis. Sed porttitor dolor tincidunt justo efficitur dapibus. Morbi vitae est eu libero eleifend ultrices. Aenean dignissim nunc non elit molestie fermentum. Cras pellentesque arcu nec enim consequat tempus. Ut imperdiet at libero ut tempor. Sed condimentum sed nunc non vulputate. Cras in sapien at lectus lacinia aliquet vel eu odio.",74
16,"product 4","Product 4  : Lorem ipsum dolor sit amet, consectetur adipiscing elit. Maecenas et maximus lorem. Phasellus a nisi convallis est ornare facilisis. Sed porttitor dolor tincidunt justo efficitur dapibus. Morbi vitae est eu libero eleifend ultrices. Aenean dignissim nunc non elit molestie fermentum. Cras pellentesque arcu nec enim consequat tempus. Ut imperdiet at libero ut tempor. Sed condimentum sed nunc non vulputate. Cras in sapien at lectus lacinia aliquet vel eu odio.",35
17,"product 5","Product 5  : Lorem ipsum dolor sit amet, consectetur adipiscing elit. Maecenas et maximus lorem. Phasellus a nisi convallis est ornare facilisis. Sed porttitor dolor tincidunt justo efficitur dapibus. Morbi vitae est eu libero eleifend ultrices. Aenean dignissim nunc non elit molestie fermentum. Cras pellentesque arcu nec enim consequat tempus. Ut imperdiet at libero ut tempor. Sed condimentum sed nunc non vulputate. Cras in sapien at lectus lacinia aliquet vel eu odio.",16
18,"product 6","Product 6  : Lorem ipsum dolor sit amet, consectetur adipiscing elit. Maecenas et maximus lorem. Phasellus a nisi convallis est ornare facilisis. Sed porttitor dolor tincidunt justo efficitur dapibus. Morbi vitae est eu libero eleifend ultrices. Aenean dignissim nunc non elit molestie fermentum. Cras pellentesque arcu nec enim consequat tempus. Ut imperdiet at libero ut tempor. Sed condimentum sed nunc non vulputate. Cras in sapien at lectus lacinia aliquet vel eu odio.",46
19,"product 7","Product 7  : Lorem ipsum dolor sit amet, consectetur adipiscing elit. Maecenas et maximus lorem. Phasellus a nisi convallis est ornare facilisis. Sed porttitor dolor tincidunt justo efficitur dapibus. Morbi vitae est eu libero eleifend ultrices. Aenean dignissim nunc non elit molestie fermentum. Cras pellentesque arcu nec enim consequat tempus. Ut imperdiet at libero ut tempor. Sed condimentum sed nunc non vulputate. Cras in sapien at lectus lacinia aliquet vel eu odio.",65
20,"product 8","Product 8  : Lorem ipsum dolor sit amet, consectetur adipiscing elit. Maecenas et maximus lorem. Phasellus a nisi convallis est ornare facilisis. Sed porttitor dolor tincidunt justo efficitur dapibus. Morbi vitae est eu libero eleifend ultrices. Aenean dignissim nunc non elit molestie fermentum. Cras pellentesque arcu nec enim consequat tempus. Ut imperdiet at libero ut tempor. Sed condimentum sed nunc non vulputate. Cras in sapien at lectus lacinia aliquet vel eu odio.",68
21,"product 9","Product 9  : Lorem ipsum dolor sit amet, consectetur adipiscing elit. Maecenas et maximus lorem. Phasellus a nisi convallis est ornare facilisis. Sed porttitor dolor tincidunt justo efficitur dapibus. Morbi vitae est eu libero eleifend ultrices. Aenean dignissim nunc non elit molestie fermentum. Cras pellentesque arcu nec enim consequat tempus. Ut imperdiet at libero ut tempor. Sed condimentum sed nunc non vulputate. Cras in sapien at lectus lacinia aliquet vel eu odio.",86
